{
  "//_comment": "??$$$ non-important","pins": [], "vertices": 1659, "materials": 2, "bbox_center": [1.499999975785613, -0.0750001072883606, -1.5]}